{
    "parent": "minecraft:recipes/root",
    "rewards": {
        "recipes": [
            "redpack:wood_stonecutter/oak/oak_planks_from_stonecutting_5"
        ]
    },
    "criteria": {
        "has_the_recipe": {
            "trigger": "minecraft:recipe_unlocked",
            "conditions": {
                "recipe": "redpack:wood_stonecutter/oak/oak_planks_from_stonecutting_5"
            }
        },
        "has_item_0": {
            "trigger": "minecraft:inventory_changed",
            "conditions": {
                "items": [
                    {
                        "item": "minecraft:oak_wood"
                    }
                ]
            }
        },
        "has_item_1": {
            "trigger": "minecraft:inventory_changed",
            "conditions": {
                "items": [
                    {
                        "item": "minecraft:stripped_oak_wood"
                    }
                ]
            }
        }
    },
    "requirements": [
        [
            "has_item_0",
            "has_the_recipe"
        ],
        [
            "has_item_1",
            "has_the_recipe"
        ]
    ]
}