{
  "type": "minecraft:entity",
  "pools": [
    {
      "rolls": 1,
      "entries": [
        {
          "type": "item",
          "name": "minecraft:stick",
          "conditions": [
            {
            "condition": "entity_properties",
            "predicate": {
              "nbt": "{Tags:[\"gb.ShowArms\"]}"
            },
            "entity": "this"
            }
          ],
          "functions": [
            {
              "function": "set_count",
              "count": 2
            }
          ]
        }
      ]
    },
    {
      "rolls": 1,
      "entries": [
        {
          "type": "item",
          "name": "minecraft:smooth_stone_slab",
          "conditions": [
            {
            "condition": "entity_properties",
            "predicate": {
              "nbt": "{Tags:[\"gb.NoBasePlate\"]}"
            },
            "entity": "this"
            }
          ]
        }
      ]
    },
    {
      "rolls": 1,
      "entries": [
        {
          "type": "item",
          "name": "minecraft:feather",
          "conditions": [
            {
            "condition": "entity_properties",
            "predicate": {
              "nbt": "{Tags:[\"gb.NoGravity\"]}"
            },
            "entity": "this"
            }
          ]
        }
      ]
    },
    {
      "rolls": 1,
      "entries": [
        {
          "type": "item",
          "name": "minecraft:flower_pot",
          "conditions": [
            {
            "condition": "entity_properties",
            "predicate": {
              "nbt": "{Tags:[\"gb.Rotate\"]}"
            },
            "entity": "this"
            }
          ]
        }
      ]
    },
    {
      "rolls": 1,
      "entries": [
        {
          "type": "item",
          "name": "minecraft:phantom_membrane",
          "conditions": [
            {
            "condition": "entity_properties",
            "predicate": {
              "nbt": "{Tags:[\"gb.Invisible\"]}"
            },
            "entity": "this"
            }
          ]
        }
      ]
    },
    {
      "rolls": 1,
      "entries": [
        {
          "type": "item",
          "name": "minecraft:ender_eye",
          "conditions": [
            {
            "condition": "entity_properties",
            "predicate": {
              "nbt": "{Tags:[\"gb.Visible\"]}"
            },
            "entity": "this"
            }
          ]
        }
      ]
    },
    {
      "rolls": 1,
      "entries": [
        {
          "type": "item",
          "name": "minecraft:campfire",
          "conditions": [
            {
            "condition": "entity_properties",
            "predicate": {
              "nbt": "{Tags:[\"gb.CampfireSmokeParticles\"]}"
            },
            "entity": "this"
            }
          ]
        }
      ]
    },
    {
      "rolls": 1,
      "entries": [
        {
          "type": "item",
          "name": "minecraft:soul_campfire",
          "conditions": [
            {
            "condition": "entity_properties",
            "predicate": {
              "nbt": "{Tags:[\"gb.SoulCampfireSmokeParticles\"]}"
            },
            "entity": "this"
            }
          ]
        }
      ]
    },
    {
      "rolls": 1,
      "entries": [
        {
          "type": "item",
          "name": "minecraft:stone_button",
          "conditions": [
            {
            "condition": "entity_properties",
            "predicate": {
              "nbt": "{Tags:[\"gb.StoneSmall\"]}"
            },
            "entity": "this"
            }
          ]
        }
      ]
    },
    {
      "rolls": 1,
      "entries": [
        {
          "type": "item",
          "name": "minecraft:polished_blackstone_button",
          "conditions": [
            {
            "condition": "entity_properties",
            "predicate": {
              "nbt": "{Tags:[\"gb.BlackstoneSmall\"]}"
            },
            "entity": "this"
            }
          ]
        }
      ]
    },
    {
      "rolls": 1,
      "entries": [
        {
          "type": "item",
          "name": "minecraft:stone_pressure_plate",
          "conditions": [
            {
            "condition": "entity_properties",
            "predicate": {
              "nbt": "{Tags:[\"gb.StoneBig\"]}"
            },
            "entity": "this"
            }
          ]
        }
      ]
    },
    {
      "rolls": 1,
      "entries": [
        {
          "type": "item",
          "name": "minecraft:polished_blackstone_pressure_plate",
          "conditions": [
            {
            "condition": "entity_properties",
            "predicate": {
              "nbt": "{Tags:[\"gb.BlackstoneBig\"]}"
            },
            "entity": "this"
            }
          ]
        }
      ]
    },
    {
      "rolls": 1,
      "entries": [
        {
          "type": "item",
          "name": "minecraft:blaze_powder",
          "conditions": [
            {
            "condition": "entity_properties",
            "predicate": {
              "nbt": "{Tags:[\"gb.FlameParticles\"]}"
            },
            "entity": "this"
            }
          ]
        }
      ]
    }
  ]
}
