{
    "parent": "minecraft:recipes/root",
    "rewards": {
        "recipes": [
            "redpack:sandstone_to_sand/sand"
        ]
    },
    "criteria": {
        "has_the_recipe": {
            "trigger": "minecraft:recipe_unlocked",
            "conditions": {
                "recipe": "redpack:sandstone_to_sand/sand"
            }
        },
        "has_item_0": {
            "trigger": "minecraft:inventory_changed",
            "conditions": {
                "items": [
                    {
                        "tag": "redpack:sandstones"
                    }
                ]
            }
        }
    },
    "requirements": [
        [
            "has_item_0",
            "has_the_recipe"
        ]
    ]
}