{
    "parent": "minecraft:recipes/root",
    "rewards": {
        "recipes": [
            "redpack:craftable_colored_blocks/banner/light_blue_banner"
        ]
    },
    "criteria": {
        "has_item": {
            "trigger": "minecraft:inventory_changed",
            "conditions": {
                "items": [
                    {"tag": "redpack:banners/not_light_blue_banners"}
                ]
            }
        },
        "has_the_recipe": {
            "trigger": "minecraft:recipe_unlocked",
            "conditions": {
                "recipe": "redpack:craftable_colored_blocks/banner/light_blue_banner"
            }
        }
    },
    "requirements": [
        [
            "has_item",
            "has_the_recipe"
        ]
    ]
}
