{
    "parent": "minecraft:recipes/root",
    "rewards": {
        "recipes": [
            "redpack:wood_stonecutter/acacia/acacia_sign_from_stonecutting_2"
        ]
    },
    "criteria": {
        "has_the_recipe": {
            "trigger": "minecraft:recipe_unlocked",
            "conditions": {
                "recipe": "redpack:wood_stonecutter/acacia/acacia_sign_from_stonecutting_2"
            }
        },
        "has_item_0": {
            "trigger": "minecraft:inventory_changed",
            "conditions": {
                "items": [
                    {
                        "item": "minecraft:acacia_log"
                    }
                ]
            }
        },
        "has_item_1": {
            "trigger": "minecraft:inventory_changed",
            "conditions": {
                "items": [
                    {
                        "item": "minecraft:stripped_acacia_log"
                    }
                ]
            }
        },
        "has_item_2": {
            "trigger": "minecraft:inventory_changed",
            "conditions": {
                "items": [
                    {
                        "item": "minecraft:acacia_wood"
                    }
                ]
            }
        },
        "has_item_3": {
            "trigger": "minecraft:inventory_changed",
            "conditions": {
                "items": [
                    {
                        "item": "minecraft:stripped_acacia_wood"
                    }
                ]
            }
        },
        "has_item_4": {
            "trigger": "minecraft:inventory_changed",
            "conditions": {
                "items": [
                    {
                        "item": "minecraft:acacia_fence_gate"
                    }
                ]
            }
        }
    },
    "requirements": [
        [
            "has_item_0",
            "has_the_recipe"
        ],
        [
            "has_item_1",
            "has_the_recipe"
        ],
        [
            "has_item_2",
            "has_the_recipe"
        ],
        [
            "has_item_3",
            "has_the_recipe"
        ],
        [
            "has_item_4",
            "has_the_recipe"
        ]
    ]
}