{
    "parent": "minecraft:recipes/root",
    "rewards": {
        "recipes": [
            "redpack:wood_stonecutter/spruce/spruce_fence_from_stonecutting_2"
        ]
    },
    "criteria": {
        "has_the_recipe": {
            "trigger": "minecraft:recipe_unlocked",
            "conditions": {
                "recipe": "redpack:wood_stonecutter/spruce/spruce_fence_from_stonecutting_2"
            }
        },
        "has_item_0": {
            "trigger": "minecraft:inventory_changed",
            "conditions": {
                "items": [
                    {
                        "item": "minecraft:spruce_door"
                    }
                ]
            }
        },
        "has_item_1": {
            "trigger": "minecraft:inventory_changed",
            "conditions": {
                "items": [
                    {
                        "item": "minecraft:spruce_pressure_plate"
                    }
                ]
            }
        },
        "has_item_2": {
            "trigger": "minecraft:inventory_changed",
            "conditions": {
                "items": [
                    {
                        "item": "minecraft:spruce_sign"
                    }
                ]
            }
        }
    },
    "requirements": [
        [
            "has_item_0",
            "has_the_recipe"
        ],
        [
            "has_item_1",
            "has_the_recipe"
        ],
        [
            "has_item_2",
            "has_the_recipe"
        ]
    ]
}