{
    "parent": "minecraft:recipes/root",
    "rewards": {
        "recipes": [
            "redpack:red_sandstone_stonecutter/smooth_red_sandstone_slab_from_stonecutting"
        ]
    },
    "criteria": {
        "has_the_recipe": {
            "trigger": "minecraft:recipe_unlocked",
            "conditions": {
                "recipe": "redpack:red_sandstone_stonecutter/smooth_red_sandstone_slab_from_stonecutting"
            }
        },
        "has_item_0": {
            "trigger": "minecraft:inventory_changed",
            "conditions": {
                "items": [
                    {
                        "tag": "redpack:red_sandstones"
                    }
                ]
            }
        },
        "has_item_1": {
            "trigger": "minecraft:inventory_changed",
            "conditions": {
                "items": [
                    {
                        "item": "minecraft:red_sandstone_stairs"
                    }
                ]
            }
        },
        "has_item_2": {
            "trigger": "minecraft:inventory_changed",
            "conditions": {
                "items": [
                    {
                        "item": "minecraft:smooth_red_sandstone_stairs"
                    }
                ]
            }
        },
        "has_item_3": {
            "trigger": "minecraft:inventory_changed",
            "conditions": {
                "items": [
                    {
                        "item": "minecraft:red_sandstone_wall"
                    }
                ]
            }
        }
    },
    "requirements": [
        [
            "has_item_0",
            "has_the_recipe"
        ],
        [
            "has_item_1",
            "has_the_recipe"
        ],
        [
            "has_item_2",
            "has_the_recipe"
        ],
        [
            "has_item_3",
            "has_the_recipe"
        ]
    ]
}