{
    "display": {
        "title": "§4§lRed§c§lPack§r - BisUmTo & Gnottero",
        "description": "",
        "icon": {
            "item": "minecraft:player_head",
            "nbt": "{display:{Name:'\"Redstone Block\"'},SkullOwner:{Id:[I;1283,1283,1283,1],Properties:{textures:[{Value:\"eyJ0ZXh0dXJlcyI6eyJTS0lOIjp7InVybCI6Imh0dHA6Ly90ZXh0dXJlcy5taW5lY3JhZnQubmV0L3RleHR1cmUvMjBjMDU1OTdmYjI3OWZkYmE5OTBlM2QzZTM0NGNmZTNhMmRhMTA2MDA0ZGNiMzk0MjY3YTlhZjlmNmQ0OWU5OSJ9fX0=\"}]}}}"
        },
        "show_toast": false,
        "announce_to_chat": false
    },
    "parent": "global:root",
    "criteria": {
        "trigger": {
            "trigger": "minecraft:tick"
        }
    }
}
