{
    "parent": "minecraft:recipes/root",
    "rewards": {
        "recipes": [
            "redpack:slab_to_full_block/cut_red_sandstone_slab"
        ]
    },
    "criteria": {
        "has_the_recipe": {
            "trigger": "minecraft:recipe_unlocked",
            "conditions": {
                "recipe": "redpack:slab_to_full_block/cut_red_sandstone_slab"
            }
        },
        "has_item": {
            "trigger": "minecraft:inventory_changed",
            "conditions": {
                "items": [
                    {
                        "item": "cut_red_sandstone_slab"
                    }
                ]
            }
        }
    },
    "requirements": [
        [
            "has_item",
            "has_the_recipe"
        ]
    ]
}