{
  "parent": "minecraft:recipes/root",
  "rewards": {
    "recipes": [
      "redpack:honey_sticky_piston_crafting/sticky_piston"
    ]
  },
  "criteria": {
    "has_the_recipe": {
      "trigger": "minecraft:recipe_unlocked",
      "conditions": {
        "recipe": "redpack:honey_sticky_piston_crafting/sticky_piston"
      }
    },
    "has_item_0": {
      "trigger": "minecraft:inventory_changed",
      "conditions": {
        "items": [
          {
            "item": "minecraft:honey_bottle"
          }
        ]
      }
    },
    "has_item_1": {
      "trigger": "minecraft:inventory_changed",
      "conditions": {
        "items": [
          {
            "item": "minecraft:sticky_piston"
          }
        ]
      }
    }
  },
  "requirements": [
    [
      "has_item_0",
      "has_the_recipe"
    ],
    [
      "has_item_1",
      "has_the_recipe"
    ]
  ]
}