{
    "display": {
        "title": "Enderman No Grief v0.1.0",
        "description": [{
            "text": "Enderman grief prevention by BisUmTo & Gnottero"
        }],
        "icon": {
            "item": "minecraft:player_head",
            "nbt": "{display:{Name:\"{\\\"text\\\":\\\"Enderman\\\"}\"},SkullOwner:{Id:[I;1850552016,99109209,-1335040439,-653184183],Properties:{textures:[{Value:\"eyJ0ZXh0dXJlcyI6eyJTS0lOIjp7InVybCI6Imh0dHA6Ly90ZXh0dXJlcy5taW5lY3JhZnQubmV0L3RleHR1cmUvOTZjMGIzNmQ1M2ZmZjY5YTQ5YzdkNmYzOTMyZjJiMGZlOTQ4ZTAzMjIyNmQ1ZTgwNDVlYzU4NDA4YTM2ZTk1MSJ9fX0=\"}]}}}"
        },
        "announce_to_chat": false,
        "show_toast": false
    },
    "parent": "redpack:redpack",
    "criteria": {
        "trigger": {
            "trigger": "minecraft:tick"
        }
    }
}
