{
    "parent": "minecraft:recipes/root",
    "rewards": {
        "recipes": [
            "redpack:stone_stonecutter/granites/polished_granite_slab_from_stonecutting_1"
        ]
    },
    "criteria": {
        "has_the_recipe": {
            "trigger": "minecraft:recipe_unlocked",
            "conditions": {
                "recipe": "redpack:stone_stonecutter/granites/polished_granite_slab_from_stonecutting_1"
            }
        },
        "has_item_0": {
            "trigger": "minecraft:inventory_changed",
            "conditions": {
                "items": [
                    {
                        "item": "minecraft:granite_slab"
                    }
                ]
            }
        }
    },
    "requirements": [
        [
            "has_item_0",
            "has_the_recipe"
        ]
    ]
}