{
    "display": {
        "title": "MossyCobblestoneAndStoneBricks Crafting v0.1.0",
        "description": [{
            "text": "MossyCobblestoneAndStoneBricks Crafting by BisUmTo & Gnottero"
        }],
        "icon": {
            "item": "minecraft:mossy_cobblestone"
        },
        "announce_to_chat": false,
        "show_toast": false
    },
    "parent": "redpack:crafting",
    "criteria": {
        "trigger": {
            "trigger": "minecraft:tick"
        }
    }
}