{
  "parent": "minecraft:recipes/root",
  "rewards": {
    "recipes": [
      "redpack:craftable_deepslate_ores/diamond/diamond_ore"
    ]
  },
  "criteria": {
    "has_item": {
      "trigger": "minecraft:inventory_changed",
      "conditions": {
        "items": [
          {"item": "minecraft:deepslate_diamond_ore"}
        ]
      }
    },
    "has_the_recipe": {
      "trigger": "minecraft:recipe_unlocked",
      "conditions": {
        "recipe": "redpack:craftable_deepslate_ores/diamond/diamond_ore"
      }
    }
  },
  "requirements": [
    [
      "has_item",
      "has_the_recipe"
    ]
  ]
}