{
  "type": "minecraft:stonecutting",
  "ingredient": [
    {
      "item": "minecraft:stone"
    },
    {
      "item": "minecraft:cobblestone"
    },
    {
      "item": "minecraft:smooth_stone"
    },
    {
      "item": "minecraft:mossy_cobblestone"
    },
    {
      "item": "minecraft:cobblestone_stairs"
    },
    {
      "item": "minecraft:stone_button"
    },
    {
      "item": "minecraft:stone_bricks"
    },
    {
      "item": "minecraft:mossy_stone_bricks"
    },
    {
      "item": "minecraft:cracked_stone_bricks"
    },
    {
      "item": "minecraft:chiseled_stone_bricks"
    },
    {
      "item": "minecraft:stone_brick_stairs"
    },
    {
      "item": "minecraft:cobblestone_wall"
    },
    {
      "item": "minecraft:mossy_cobblestone_wall"
    },
    {
      "item": "minecraft:mossy_stone_brick_wall"
    },
    {
      "item": "minecraft:stone_brick_wall"
    },
    {
      "item": "minecraft:mossy_stone_brick_stairs"
    },
    {
      "item": "minecraft:mossy_cobblestone_stairs"
    },
    {
      "item": "minecraft:stone_stairs"
    }
  ],
  "result": "minecraft:mossy_stone_brick_slab",
  "count": 2
}