{
    "parent": "minecraft:recipes/root",
    "rewards": {
        "recipes": [
            "redpack:brick_and_prismarine_back_crafting/prismarine_shard/prismarine_shard1"
        ]
    },
    "criteria": {
        "has_the_recipe": {
            "trigger": "minecraft:recipe_unlocked",
            "conditions": {
                "recipe": "redpack:brick_and_prismarine_back_crafting/prismarine_shard/prismarine_shard1"
            }
        },
        "has_item_0": {
            "trigger": "minecraft:inventory_changed",
            "conditions": {
                "items": [
                    {
                        "item": "minecraft:prismarine_bricks"
                    }
                ]
            }
        }
    },
    "requirements": [
        [
            "has_item_0",
            "has_the_recipe"
        ]
    ]
}