{
    "parent": "minecraft:recipes/root",
    "rewards": {
        "recipes": [
            "redpack:craftable_cobwebs/cobweb"
        ]
    },
    "criteria": {
        "has_string": {
            "trigger": "minecraft:inventory_changed",
            "conditions": {
                "items": [
                    {
                        "item": "minecraft:string"
                    }
                ]
            }
        },
        "has_the_recipe": {
            "trigger": "minecraft:recipe_unlocked",
            "conditions": {
                "recipe": "redpack:craftable_cobwebs/cobweb"
            }
        }
    },
    "requirements": [
        [
            "has_string",
            "has_the_recipe"
        ]
    ]
}
