{
    "parent": "minecraft:recipes/root",
    "rewards": {
        "recipes": [
            "redpack:craftable_tuff_and_calcite/tuff"
        ]
    },
    "criteria": {
        "has_the_recipe": {
            "trigger": "minecraft:recipe_unlocked",
            "conditions": {
                "recipe": "redpack:craftable_tuff_and_calcite/tuff"
            }
        },
        "has_item": {
            "trigger": "minecraft:inventory_changed",
            "conditions": {
                "items": [
                    {
                        "item": "minecraft:andesite"
                    }
                ]
            }
        }
    },
    "requirements": [
        [
            "has_item",
            "has_the_recipe"
        ]
    ]
}