{
    "parent": "minecraft:recipes/root",
    "rewards": {
        "recipes": [
            "redpack:quartz_crafting_compability/quartz_stairs"
        ]
    },
    "criteria": {
        "has_the_recipe": {
            "trigger": "minecraft:recipe_unlocked",
            "conditions": {
                "recipe": "redpack:quartz_crafting_compability/quartz_stairs"
            }
        },
        "has_item_0": {
            "trigger": "minecraft:inventory_changed",
            "conditions": {
                "items": [
                    {
                        "item": "minecraft:quartz_block"
                    }
                ]
            }
        },
        "has_item_1": {
            "trigger": "minecraft:inventory_changed",
            "conditions": {
                "items": [
                    {
                        "item": "minecraft:chiseled_quartz_block"
                    }
                ]
            }
        },
        "has_item_2": {
            "trigger": "minecraft:inventory_changed",
            "conditions": {
                "items": [
                    {
                        "item": "minecraft:quartz_pillar"
                    }
                ]
            }
        },
        "has_item_3": {
            "trigger": "minecraft:inventory_changed",
            "conditions": {
                "items": [
                    {
                        "item": "minecraft:quartz_bricks"
                    }
                ]
            }
        }
    },
    "requirements": [
        [
            "has_item_0",
            "has_the_recipe"
        ],
        [
            "has_item_1",
            "has_the_recipe"
        ],
        [
            "has_item_2",
            "has_the_recipe"
        ],
        [
            "has_item_3",
            "has_the_recipe"
        ]
    ]
}