{
    "parent": "minecraft:recipes/root",
    "rewards": {
        "recipes": [
            "redpack:craftable_colored_blocks/terracotta/pink_terracotta"
        ]
    },
    "criteria": {
        "has_item": {
            "trigger": "minecraft:inventory_changed",
            "conditions": {
                "items": [
                    {"tag": "redpack:terracottas/not_pink_terracottas"}
                ]
            }
        },
        "has_the_recipe": {
            "trigger": "minecraft:recipe_unlocked",
            "conditions": {
                "recipe": "redpack:craftable_colored_blocks/terracotta/pink_terracotta"
            }
        }
    },
    "requirements": [
        [
            "has_item",
            "has_the_recipe"
        ]
    ]
}
