{
  "type": "minecraft:crafting_shapeless",
  "ingredients": [
    {
      "item": "minecraft:phantom_membrane"
    },
    {
      "tag": "redpack:light_blocks"
    },
    {
      "tag": "redpack:light_blocks"
    },
    {
      "tag": "redpack:light_blocks"
    },
    {
      "tag": "redpack:light_blocks"
    },
    {
      "tag": "redpack:light_blocks"
    },
    {
      "tag": "redpack:light_blocks"
    },
    {
      "tag": "redpack:light_blocks"
    },
    {
      "tag": "redpack:light_blocks"
    }
  ],
  "result": {
    "item": "minecraft:light",
    "count": 8
  }
}