{
  "type": {
    "name": "minecraft:overworld",
    "ultrawarm": false,
    "natural": true,
    "piglin_safe": false,
    "respawn_anchor_works": false,
    "bed_works": true,
    "has_raids": true,
    "has_skylight": true,
    "has_ceiling": false,
    "coordinate_scale": 1,
    "ambient_light": 0,
    "logical_height": 256,
    "infiniburn": "minecraft:infiniburn_overworld",
    "min_y": -128,
    "height": 512
  },
  "generator": {
    "type": "minecraft:noise",
    "seed": 3280542799242379911,
    "biome_source": {
      "type": "minecraft:vanilla_layered",
      "seed": 3280542799242379911,
      "large_biomes": false
    },
    "settings": "minecraft:overworld"
  }
}