{
  "type": "minecraft:crafting_shaped",
  "pattern": [
    "##",
    "##"
  ],
  "key": {
    "#": [
      {
        "item": "minecraft:quartz_block"
      },
      {
        "item": "minecraft:chiseled_quartz_block"
      },
      {
        "item": "minecraft:smooth_quartz"
      },
      {
        "item": "minecraft:quartz_stairs"
      },
      {
        "item": "minecraft:smooth_quartz_stairs"
      },
      {
        "item": "minecraft:quartz_pillar"
      }
    ]
  },
  "result": {
    "item": "minecraft:quartz_bricks",
    "count": 4
  }
}