{
    "parent": "minecraft:recipes/root",
    "rewards": {
        "recipes": [
            "redpack:stone_stonecutter/stones/mossy_stone_brick_wall_from_stonecutting_1"
        ]
    },
    "criteria": {
        "has_the_recipe": {
            "trigger": "minecraft:recipe_unlocked",
            "conditions": {
                "recipe": "redpack:stone_stonecutter/stones/mossy_stone_brick_wall_from_stonecutting_1"
            }
        },
        "has_item_0": {
            "trigger": "minecraft:inventory_changed",
            "conditions": {
                "items": [
                    {
                        "item": "minecraft:stone"
                    }
                ]
            }
        },
        "has_item_1": {
            "trigger": "minecraft:inventory_changed",
            "conditions": {
                "items": [
                    {
                        "item": "minecraft:cobblestone"
                    }
                ]
            }
        },
        "has_item_2": {
            "trigger": "minecraft:inventory_changed",
            "conditions": {
                "items": [
                    {
                        "item": "minecraft:smooth_stone"
                    }
                ]
            }
        },
        "has_item_3": {
            "trigger": "minecraft:inventory_changed",
            "conditions": {
                "items": [
                    {
                        "item": "minecraft:mossy_cobblestone"
                    }
                ]
            }
        },
        "has_item_4": {
            "trigger": "minecraft:inventory_changed",
            "conditions": {
                "items": [
                    {
                        "item": "minecraft:cobblestone_stairs"
                    }
                ]
            }
        },
        "has_item_5": {
            "trigger": "minecraft:inventory_changed",
            "conditions": {
                "items": [
                    {
                        "item": "minecraft:stone_button"
                    }
                ]
            }
        },
        "has_item_6": {
            "trigger": "minecraft:inventory_changed",
            "conditions": {
                "items": [
                    {
                        "item": "minecraft:stone_bricks"
                    }
                ]
            }
        },
        "has_item_7": {
            "trigger": "minecraft:inventory_changed",
            "conditions": {
                "items": [
                    {
                        "item": "minecraft:mossy_stone_bricks"
                    }
                ]
            }
        },
        "has_item_8": {
            "trigger": "minecraft:inventory_changed",
            "conditions": {
                "items": [
                    {
                        "item": "minecraft:cracked_stone_bricks"
                    }
                ]
            }
        },
        "has_item_9": {
            "trigger": "minecraft:inventory_changed",
            "conditions": {
                "items": [
                    {
                        "item": "minecraft:chiseled_stone_bricks"
                    }
                ]
            }
        },
        "has_item_10": {
            "trigger": "minecraft:inventory_changed",
            "conditions": {
                "items": [
                    {
                        "item": "minecraft:stone_brick_stairs"
                    }
                ]
            }
        },
        "has_item_11": {
            "trigger": "minecraft:inventory_changed",
            "conditions": {
                "items": [
                    {
                        "item": "minecraft:cobblestone_wall"
                    }
                ]
            }
        },
        "has_item_12": {
            "trigger": "minecraft:inventory_changed",
            "conditions": {
                "items": [
                    {
                        "item": "minecraft:mossy_cobblestone_wall"
                    }
                ]
            }
        },
        "has_item_13": {
            "trigger": "minecraft:inventory_changed",
            "conditions": {
                "items": [
                    {
                        "item": "minecraft:stone_brick_wall"
                    }
                ]
            }
        },
        "has_item_14": {
            "trigger": "minecraft:inventory_changed",
            "conditions": {
                "items": [
                    {
                        "item": "minecraft:mossy_stone_brick_stairs"
                    }
                ]
            }
        },
        "has_item_15": {
            "trigger": "minecraft:inventory_changed",
            "conditions": {
                "items": [
                    {
                        "item": "minecraft:mossy_cobblestone_stairs"
                    }
                ]
            }
        },
        "has_item_16": {
            "trigger": "minecraft:inventory_changed",
            "conditions": {
                "items": [
                    {
                        "item": "minecraft:stone_stairs"
                    }
                ]
            }
        }
    },
    "requirements": [
        [
            "has_item_0",
            "has_the_recipe"
        ],
        [
            "has_item_1",
            "has_the_recipe"
        ],
        [
            "has_item_2",
            "has_the_recipe"
        ],
        [
            "has_item_3",
            "has_the_recipe"
        ],
        [
            "has_item_4",
            "has_the_recipe"
        ],
        [
            "has_item_5",
            "has_the_recipe"
        ],
        [
            "has_item_6",
            "has_the_recipe"
        ],
        [
            "has_item_7",
            "has_the_recipe"
        ],
        [
            "has_item_8",
            "has_the_recipe"
        ],
        [
            "has_item_9",
            "has_the_recipe"
        ],
        [
            "has_item_10",
            "has_the_recipe"
        ],
        [
            "has_item_11",
            "has_the_recipe"
        ],
        [
            "has_item_12",
            "has_the_recipe"
        ],
        [
            "has_item_13",
            "has_the_recipe"
        ],
        [
            "has_item_14",
            "has_the_recipe"
        ],
        [
            "has_item_15",
            "has_the_recipe"
        ],
        [
            "has_item_16",
            "has_the_recipe"
        ]
    ]
}